{
    "coarse": {
        "compression": {
            "lambda_max": 293.0918467282373,
            "lambda_min": -5.425024779109359e-15,
            "kappa": -5.402590009484803e+16,
            "lambda_min_eff": 9.490497159555585e-05,
            "kappa_eff": 3088266.523878945,
            "small_eigs": [
                -5.425024779109359e-15,
                9.490497159555585e-05,
                9.825487724062932e-05,
                0.0030433250940385395,
                0.003095461711737407,
                0.014638405522872622
            ]
        },
        "traction": {
            "lambda_max": 293.09165367782424,
            "lambda_min": 9.644067737316475e-05,
            "kappa": 3039087.4645534055,
            "lambda_min_eff": 9.644067737316475e-05,
            "kappa_eff": 3039087.4645534055,
            "small_eigs": [
                9.644067737316475e-05,
                0.00010000408015847884,
                0.0033066302937330566,
                0.0034189202750072537,
                0.004351302746396729,
                0.014729821612982998
            ]
        },
        "gravity": {
            "lambda_max": 293.0916536778246,
            "lambda_min": 9.644067737738149e-05,
            "kappa": 3039087.464420529,
            "lambda_min_eff": 9.644067737738149e-05,
            "kappa_eff": 3039087.464420529,
            "small_eigs": [
                9.644067737738149e-05,
                0.0001000040801683505,
                0.0033066302937365295,
                0.0034189202750181053,
                0.0043513027464137785,
                0.014729821612991705
            ]
        }
    },
    "m1": {
        "compression": {
            "lambda_max": 215.38260447844277,
            "lambda_min": 1.782613894349119e-15,
            "kappa": 1.2082403551391866e+17,
            "lambda_min_eff": 3.88119454972138e-05,
            "kappa_eff": 5549389.542812392,
            "small_eigs": [
                1.782613894349119e-15,
                3.88119454972138e-05,
                3.9027813756159046e-05,
                0.001190066772852472,
                0.0011954701289556356,
                0.006013865609179818
            ]
        },
        "traction": {
            "lambda_max": 215.38254895669806,
            "lambda_min": 3.90413942327875e-05,
            "kappa": 5516774.008439914,
            "lambda_min_eff": 3.90413942327875e-05,
            "kappa_eff": 5516774.008439914,
            "small_eigs": [
                3.90413942327875e-05,
                3.98206791057452e-05,
                0.0013411089507587737,
                0.0013658024180107221,
                0.001813526832479241,
                0.0060492411919033226
            ]
        },
        "gravity": {
            "lambda_max": 215.38254895669783,
            "lambda_min": 3.904139423333324e-05,
            "kappa": 5516774.008362792,
            "lambda_min_eff": 3.904139423333324e-05,
            "kappa_eff": 5516774.008362792,
            "small_eigs": [
                3.904139423333324e-05,
                3.982067910500095e-05,
                0.0013411089507608658,
                0.001365802418011685,
                0.0018135268324859985,
                0.006049241191900805
            ]
        }
    },
    "m2": {
        "compression": {
            "lambda_max": 158.85608464013836,
            "lambda_min": -2.4318688891409163e-15,
            "kappa": -6.532263534003923e+16,
            "lambda_min_eff": 1.580495598926835e-05,
            "kappa_eff": 10051029.863544226,
            "small_eigs": [
                -2.4318688891409163e-15,
                1.580495598926835e-05,
                1.582764874370392e-05,
                0.000460487041984611,
                0.0004689674619170288,
                0.002327594015816954
            ]
        },
        "traction": {
            "lambda_max": 158.85606819158303,
            "lambda_min": 1.6039138558194103e-05,
            "kappa": 9904276.817312384,
            "lambda_min_eff": 1.6039138558194103e-05,
            "kappa_eff": 9904276.817312384,
            "small_eigs": [
                1.6039138558194103e-05,
                1.6213377673624663e-05,
                0.0005516467432815754,
                0.0005571866429239102,
                0.0007648206264394615,
                0.0025022234984636666
            ]
        },
        "gravity": {
            "lambda_max": 158.85606819158443,
            "lambda_min": 1.6039138560453337e-05,
            "kappa": 9904276.815917378,
            "lambda_min_eff": 1.6039138560453337e-05,
            "kappa_eff": 9904276.815917378,
            "small_eigs": [
                1.6039138560453337e-05,
                1.6213377672058305e-05,
                0.0005516467432836302,
                0.0005571866429277886,
                0.0007648206264392961,
                0.002502223498464545
            ]
        }
    },
    "fine": {
        "compression": {
            "lambda_max": 113.85736649266104,
            "lambda_min": 2.6562664835578147e-15,
            "kappa": 4.286368374462189e+16,
            "lambda_min_eff": 5.903483910319987e-06,
            "kappa_eff": 19286470.196628287,
            "small_eigs": [
                2.6562664835578147e-15,
                5.903483910319987e-06,
                5.911245849081454e-06,
                0.00015970492958169036,
                0.00016486275114068442,
                0.000761311035931205
            ]
        },
        "traction": {
            "lambda_max": 113.85736215091785,
            "lambda_min": 6.052851181259939e-06,
            "kappa": 18810533.869299214,
            "lambda_min_eff": 6.052851181259939e-06,
            "kappa_eff": 18810533.869299214,
            "small_eigs": [
                6.052851181259939e-06,
                6.08666055824666e-06,
                0.00020837602179457434,
                0.00020945352679428705,
                0.00029572669270867174,
                0.0009474143133440728
            ]
        },
        "gravity": {
            "lambda_max": 113.857362150915,
            "lambda_min": 6.052851182460461e-06,
            "kappa": 18810533.865567863,
            "lambda_min_eff": 6.052851182460461e-06,
            "kappa_eff": 18810533.865567863,
            "small_eigs": [
                6.052851182460461e-06,
                6.086660560827696e-06,
                0.00020837602179491684,
                0.00020945352679495728,
                0.0002957266927085902,
                0.0009474143133440965
            ]
        }
    }
}